{
    "rouge1": {
        "fmeasure": 0.11237951475048251,
        "precision": 0.1594924242424242,
        "recall": 0.10062973137973139
    },
    "rouge2": {
        "fmeasure": 0.05548598396965003,
        "precision": 0.09481818181818184,
        "recall": 0.04236904761904763
    },
    "rougeL": {
        "fmeasure": 0.10770094332191107,
        "precision": 0.15072835497835493,
        "recall": 0.0979630647130647
    }
}