{
    "rouge1": {
        "fmeasure": 0.34440444095233097,
        "precision": 0.3209871753044854,
        "recall": 0.4121361678565738
    },
    "rouge2": {
        "fmeasure": 0.14926548427948597,
        "precision": 0.1401151408247134,
        "recall": 0.17783291288879244
    },
    "rougeL": {
        "fmeasure": 0.2888012641681252,
        "precision": 0.26912079593077154,
        "recall": 0.34421795218205853
    }
}