
{
    "rouge1": {
        "fmeasure": 0.08968269765970494,
        "precision": 0.8837234987234983,
        "recall": 0.047836304483790386
    },
    "rouge2": {
        "fmeasure": 0.04657926029413963,
        "precision": 0.6452875180375182,
        "recall": 0.024525560085602832
    },
    "rougeL": {
        "fmeasure": 0.07805876341982546,
        "precision": 0.7967805250305249,
        "recall": 0.04156568579354039
    }
}

