{
    "rouge1": {
        "fmeasure": 0.08537639557064698,
        "precision": 0.8924886502386501,
        "recall": 0.04550395337349534
    },
    "rouge2": {
        "fmeasure": 0.04361945945069166,
        "precision": 0.6595256132756134,
        "recall": 0.02293070329856642
    },
    "rougeL": {
        "fmeasure": 0.07458146785414482,
        "precision": 0.8055662393162389,
        "recall": 0.039675783458986376
    }
}