{
    "rouge1": {
        "fmeasure": 0.22261060082972187,
        "precision": 0.3556406335266896,
        "recall": 0.23284938408153194
    },
    "rouge2": {
        "fmeasure": 0.10250472403499948,
        "precision": 0.1693909689103614,
        "recall": 0.10815507435798975
    },
    "rougeL": {
        "fmeasure": 0.1860457009650123,
        "precision": 0.3112625635543828,
        "recall": 0.19168400149475226
    }
}