{
    "rouge1": {
        "fmeasure": 0.3651143416159935,
        "precision": 0.3353899657973428,
        "recall": 0.4366529912355629
    },
    "rouge2": {
        "fmeasure": 0.17452451134554675,
        "precision": 0.16047855030141503,
        "recall": 0.21135345634030803
    },
    "rougeL": {
        "fmeasure": 0.29974576723661334,
        "precision": 0.2758655379124743,
        "recall": 0.3593298966675838
    }
}