{
    "rouge1": {
        "fmeasure": 0.5511689852974682,
        "precision": 0.5353535353535352,
        "recall": 0.6286111111111111
    },
    "rouge2": {
        "fmeasure": 0.4087802605890841,
        "precision": 0.40743831168831174,
        "recall": 0.4740772005772007
    },
    "rougeL": {
        "fmeasure": 0.5456548665659582,
        "precision": 0.529602453102453,
        "recall": 0.6229444444444444
    }
}