{
    "rouge1": {
        "fmeasure": 0.13543587911522903,
        "precision": 0.6496566766566767,
        "recall": 0.07745022660112667
    },
    "rouge2": {
        "fmeasure": 0.06252123686243477,
        "precision": 0.4075735930735931,
        "recall": 0.034697524071887885
    },
    "rougeL": {
        "fmeasure": 0.1225318284570449,
        "precision": 0.6130527805527808,
        "recall": 0.06977711724634406
    }
}