{
    "rouge1": {
        "fmeasure": 0.3739328658751183,
        "precision": 0.33853505353774266,
        "recall": 0.45569326684942163
    },
    "rouge2": {
        "fmeasure": 0.15529141169447486,
        "precision": 0.13931356970858957,
        "recall": 0.19421584742218223
    },
    "rougeL": {
        "fmeasure": 0.3025706756990628,
        "precision": 0.2755567913817217,
        "recall": 0.3658752718333229
    }
}