{
    "rouge1": {
        "fmeasure": 0.35873126275252715,
        "precision": 0.33945880817055923,
        "recall": 0.4071359275308148
    },
    "rouge2": {
        "fmeasure": 0.15582190312850913,
        "precision": 0.14913767714989093,
        "recall": 0.1755449842348723
    },
    "rougeL": {
        "fmeasure": 0.2978250310757591,
        "precision": 0.28423698623534865,
        "recall": 0.33667665839240274
    }
}